{
  "kh_train_acc": [
    10.0,
    50.0,
    100.0,
    100.0,
    100.0,
    100.0,
    100.0,
    100.0,
    100.0,
    100.0,
    100.0,
    100.0,
    100.0,
    100.0,
    100.0,
    100.0,
    100.0,
    100.0,
    100.0,
    100.0,
    100.0,
    100.0,
    100.0,
    100.0,
    100.0,
    100.0,
    100.0,
    100.0,
    100.0,
    100.0
  ],
  "kh_test_acc": [
    12.585714285714285,
    17.6,
    24.814285714285713,
    29.17142857142857,
    31.8,
    33.371428571428574,
    34.24285714285714,
    34.8,
    35.285714285714285,
    35.97142857142857,
    36.25714285714286,
    36.25714285714286,
    36.34285714285714,
    36.357142857142854,
    36.41428571428571,
    36.41428571428571,
    36.41428571428571,
    36.41428571428571,
    36.41428571428571,
    36.41428571428571,
    36.41428571428571,
    36.41428571428571,
    36.41428571428571,
    36.41428571428571,
    36.42857142857143,
    36.42857142857143,
    36.42857142857143,
    36.42857142857143,
    36.42857142857143,
    36.42857142857143
  ],
  "ff_train_acc": [
    20.0,
    100.0,
    100.0,
    100.0,
    100.0,
    100.0,
    100.0,
    100.0,
    100.0,
    100.0,
    100.0,
    100.0,
    100.0,
    100.0,
    100.0,
    100.0,
    100.0,
    100.0,
    100.0,
    100.0,
    100.0,
    100.0,
    100.0,
    100.0,
    100.0,
    100.0,
    100.0,
    100.0,
    100.0,
    100.0
  ],
  "ff_test_acc": [
    17.485714285714284,
    46.9,
    47.17142857142857,
    47.2,
    46.81428571428572,
    46.55714285714286,
    46.371428571428574,
    46.44285714285714,
    46.48571428571429,
    46.51428571428571,
    46.55714285714286,
    46.55714285714286,
    46.542857142857144,
    46.55714285714286,
    46.55714285714286,
    46.57142857142857,
    46.57142857142857,
    46.57142857142857,
    46.57142857142857,
    46.57142857142857,
    46.57142857142857,
    46.57142857142857,
    46.57142857142857,
    46.57142857142857,
    46.57142857142857,
    46.57142857142857,
    46.57142857142857,
    46.57142857142857,
    46.57142857142857,
    46.57142857142857
  ]
}