{
  "kh_train_acc": [
    72.09285714285714,
    96.2625,
    97.03214285714286,
    97.425,
    97.70357142857142,
    97.83571428571429,
    97.925,
    98.02857142857142,
    98.16785714285714,
    98.18571428571428,
    98.32142857142857,
    98.33928571428571,
    98.35,
    98.36714285714285,
    98.37678571428572,
    98.37857142857143,
    98.43683571287422,
    98.58214285714285,
    98.725,
    98.84642857142858,
    98.87187246125309,
    98.92289346132857,
    98.97243567167852,
    99.06817632517236,
    99.09827634126572,
    99.12035714285714,
    99.12214285714285,
    99.12035714285714,
    99.12214285714285,
    99.12214285714285
  ],
  "kh_test_acc": [
    90.61428571428571,
    96.25714285714285,
    97.02857142857142,
    97.22857142857143,
    97.44285714285714,
    97.6,
    97.77142857142857,
    97.84285714285714,
    97.97142857142858,
    97.95714285714286,
    98.01428571428572,
    98.01428571428572,
    98.01428571428572,
    98.02857142857142,
    98.05714285714286,
    98.02857142857142,
    98.01428571428572,
    98.01428571428572,
    98.01428571428572,
    98.01428571428572,
    98.01428571428572,
    98.01428571428572,
    98.01428571428572,
    98.01428571428572,
    98.01428571428572,
    98.01428571428572,
    98.01428571428572,
    98.01428571428572,
    98.01428571428572,
    98.01428571428572
  ],
  "ff_train_acc": [
    88.72321428571429,
    99.8625,
    99.99821428571428,
    100.0,
    100.0,
    100.0,
    100.0,
    100.0,
    97.07142857142857,
    98.54821428571428,
    99.22678571428571,
    99.30535714285715,
    99.36607142857143,
    99.44464285714285,
    99.52678571428571,
    99.625,
    99.63571428571429,
    99.65357142857142,
    99.66785714285714,
    99.68571428571428,
    99.71607142857142,
    99.71785714285714,
    99.72142857142858,
    99.72142857142858,
    99.72678571428571,
    99.72678571428571,
    99.725,
    99.725,
    99.725,
    99.72857142857143
  ],
  "ff_test_acc": [
    94.84285714285714,
    98.15714285714286,
    98.3,
    98.37142857142857,
    98.3,
    98.37142857142857,
    98.37142857142857,
    98.37142857142857,
    98.3,
    98.3,
    98.37142857142857,
    98.18732612378652,
    98.12763547265218,
    98.0,
    98.04285714285714,
    98.1,
    98.11428571428571,
    98.14285714285714,
    98.12857142857143,
    98.15714285714286,
    98.17142857142858,
    98.2,
    98.17836411687523,
    98.17836411687523,
    98.18712365123515,
    98.3,
    98.37142857142857,
    98.21126873541129,
    98.3,
    98.3
  ]
}